SID,label,sentence
216,1,Вы должны также придерживаться диеты для максимальных результатов.
575,0,В заключение хочу привести некоторые цитаты из комментариев Михаила Кречмара к этому посту(без этого обновления) в ЖЖ[9]:
1059,0,"Решение с использованием новейших технологий позволит на сбор, обработку и анализ тысяч данных."
988,0,"Члены комитета отбираются из признанных и уважаемых европейских ученых с выдающимися достижениями, открытыми и независимыми взглядами, занимающимися исследовательской деятельностью."
730,0,"Вот почему клиенты начинают искать minimizer надлежащего расширенные поры, это не слишком дорого как правило, но достаточно эффективной."
322,1,Вы найдете пениса упражнения очень простые и могли бы быть удивлены их результат.
819,0,Я получил свой первый выигрыш от премии Rebel еще в декабре 2014 и даже сейчас года спустя они продолжают предлагать выплаты высоких обследований:
644,0,Только ты и наступающее время.
569,0,"Те, кто стыдится камеры?"
391,1,Выдержка из: Форстер A.
398,1,"var multiFileTexts = {deleteConfirmation: 'Вы уверены, что хотите удалить выбранные записи?', crop: 'урожай'};"
481,0,"Хозяйка Марша требует, чтобы ты был ее рабом 2"
359,1,"Вы хотите помочь тем, кто болен?"
256,1,"Вы также можете поставлять его, или сделать наши блюда, чтобы забрать ."
350,1,"3.7 Вы обязуетесь не предоставлять информацию, которая у Вас не запрашивается."
394,1,"Вы подниметесь на вершину скалы, чтобы устроить пикник ."
276,1,Вы должны пить много чистой воды каждый день.
1011,0,"Собранные тексты становятся элементами публичной дискуссии, и, таким образом, влияют на потенциального читателя, навязывают важность отдельных тематических областей."
24,1,Вы можете зарядить тремя способами.
493,0,- Эквиваленты для большинства коммерческих спецификаций.
714,0,"Хотя эти продукты не собираюсь ускорить этот процесс, они собираются обеспечить что вы можете спать правильно например."
513,0,— А испытываете ли вы потребность в инновационных разработках?
636,0,"Как я узнаю, когда придут цветы?"
304,1,"Вы можете изменить его, если вы хотите."
748,0,"Но в отличие от многих тенденций, один из пениса недавно обсуждался только тайно, но по-прежнему тема стал настолько популярным что теперь он имеет сотни и тысячи последователей."
376,1,Вы должны рассмотреть любую программу потери веса .
993,0,"Я надеюсь, что с постоянным развитием соответствующей научно-исследовательской работы, мы можем разработать конкретную цель в будущем."
836,0,"Только тогда, когда клуб переехал в недавно открытый стадион Санкт-Якобс парк, в успехе 2001 год вернулся."
733,0,"Когда четыре, носить изолированный сапоги, брюки в сапоги должна быть простой."
500,0,Лучшие сайты использовать LastPass и RoboForm
205,1,"Вы наметили модернизацию, расширение вашего учреждения или сооружение нового здания."
563,0,"Это результаты, которые у нас есть для вас!"
579,0,Награда возвращение на мое время ниже мои любимые сайты
305,1,Здесь Вы найдете ответы на самые важные вопросы.
885,0,В развитых и ряде развивающихся стран мясо курицы – это один из наиболее доступных видов белка животного происхождения.
1055,0,"Это оперативный документ, позволяющий подписавшему его государству выбрать виды деятельности и приоритеты в сотрудничестве."
502,0,— Мы хотим укрепить региональные университеты.
554,0,Организуем свадьбу вашей мечты в Халкидики!
863,0,"Продукты метаболизма кислорода в функциональной активности клеток (жизнь и смерть, созидание и разрушение)."
412,1,Выбирайте Suite на ваш вкус и с кем вы путешествуете и играете
974,0,Meladerm теперь используется во всем мире на профессиональном уровне и индивидуальными потребителями и считается золотым стандартом индустрии.
825,0,Квоты на трафик выключены в этой версии и пока не могут быть использованы.
925,0,"Полученные результаты предоставят новую информацию о биологическом воздействии лекарств и угрозах, которые они представляют для арктической морской экосистемы."
921,0,Но обычно мужчины должны иметь дело с неприятными результаты таких операций.
280,1,Вы получите черный список для этого.
829,0,"Но мы открыты для предложений, нам интересны hardware-стартапы."
891,0,"Что касается американских провайдеров, сертифицированных в рамках программы ""Щит конфиденциальности"", мы хотели бы отметить, что таким образом они обязуются соблюдать стандарты ЕС в области защиты данных."
1046,0,«Мифы и Факты» Холокоста систематизированы по пяти категориям:
838,0,"В противном случае статистика старой и новой конфигурации правила смешаются, и вы получите навряд ли полезные результаты."
52,1,Вы хотите получить более подробную информацию о CT PT Analyzer?
146,1,"Вы осуществили все наши желания, и мы рады, что у нас есть кухня мечты."
791,0,Теперь было порекомендовано много развитых стран особенно в Японии.
300,1,Выставка NATEXPO давно перестала быть сугубо профессиональной.
115,1,"Вы имеете право знать, как мы используем персональные данные мы собираем для того, чтобы помочь вам с вашим заказом цветы."
372,1,"Вы не можете решить, какой тип или цвет цветы вам нравится больше всего?"
307,1,"Вы звоните вашему ребенку, и здесь нет сигнала."
444,0,';}?> */?> Введите свой адрес э-почты Введите еще раз
728,0,Мозг обрабатывает (посредником) немедленного ответа.
468,0,Ее задница зарабатывает им деньги на жизнь
144,1,"С терпением и решимостью, Вы, безусловно, сохранить некоторые для отдыха вы жаждал иметь или только некоторые дополнительные наличные деньги в те дождливые дни."
245,1,Вы сталкиваются с повышенным риском заражения гриппом когда вокруг больных людей у себя дома или на работе.
686,0,"Люди, которые отчаянно желают получить ссуду сейчас, но все еще проверяют факты их условий ссуды."
574,0,"Кроме того, вы можете использовать раскол вверх / вниз для работы для каждой группы мышц 3 раза в неделю."
44,1,"Если Вы ищите поддержку Ваших проектов социального служения, направленных на возрождение духовности и нравственности в нашей стране, раздел финансирование на этом сайте – для Вас."
929,0,"Они включают в себя протоколы, методы и результаты."
1030,0,GDPR вступает в силу 25 мая 2018 года и предназначена для защиты данных граждан Европейского союза (ЕС).
101,1,"Выбор RI GROUP, вы уверены, что вы будете обслуживаться в соответствии с самыми высокими стандартами, действующими в нашей компании."
1023,0,"Кокрейн поддерживает разработку и распространение доказательств в здравоохранении, а также другие аспекты нашей работы, в различных медиа форматах и посредством медиа-каналов."
737,0,"Это означает, что мы сейчас запуск видят результаты этого."
78,1,Тренер: «Вы не голодны?»
357,1,Вы просто сидите некоторое время.
409,1,Выпить холодной (воды или сока) в начале вспышки.
126,1,"Общая поговорка, «Вы находитесь, что вы едите» абсолютно верно."
903,0,"И это очень плохо, поскольку дело это несложное и результаты могут быть получены."
134,1,"Без ущерба для любых других административных или судебных средств защиты, Вы имеете право подать апелляцию в компетентный надзорный орган, если Вы считаете, что обработка Ваших персональных данных нами нарушает Постановление ЕС о защите данных."
658,0,В Цветы для Черногория мы используем только самые лучшие в области безопасности для наших онлайновых платежей.
689,0,Проверьте даты и получить самую низкую гарантированную цену.
1058,0,Лучшие документы конференции после положительных отзывов будут опубликованы в Польском журнале по спорту и туризму.
832,0,"Если вы заработали 1000 долларов на прошлой неделе и лишь 200 долларов на этой, то вы, очевидно, скатываетесь вниз; если вы заработали 1100 долларов на этой неделе, вы довольно стабильны; если вы заработали 5000 долларов на этой неделе, у вас изобилие."
680,0,Здание убедило жюри своим простым оформлением.
143,1,Вы должны иметь возможность четко различать голод и аппетит для эффективного управления вашей еде поведение.
198,1,"Вы можете упростить своё понимание его непонимания, заметив очень справедливо: «Он был в замешательстве»."
17,1,"Вы можете себе представить сценарий, сравнивая с забастовки сборщиков мусора."
723,0,"Если всегда применяется только одно правило квоты, эта опция не имеет смысла."
70,1,"Вы зарабатываете очки за обследование, как правило, между 100-100 точки."
1049,0,"Мы собираем ваш адрес электронной почты для того, чтобы:"
857,0,"Вы хотели бы создать сайт-визитку, интернет магазин или другой веб-сайт, но для начала Вам необходимы наши советы?"
519,0,"Но в сентябре теплее, а потому удобнее для фотоохоты."
536,0,Четыре дизайна лезвий для (почти) всех применений.
799,0,"Кроме того, можно использовать алмазные биты, но, 2 алмазные биты будут необходимы для бурения, где требуется только 1 бит."
763,0,"Пожалуйста, читайте дальше, чтобы узнать довольно простой способ это возможно, чтобы ухаживать за обручальные кольца в просто используя эти три простых шага следующим образом:"
942,0,"Они не считают эти продукты безопасны, и честно говоря, их недоверие, не всегда являются беспочвенными."
325,1,"Вы часто говорите, что любите работать с пластикой стен."
297,1,"Не говоря уже о, Вы можете принять участие в ежеквартальном денежном призе розыгрыши и выиграть столько, сколько $10,000."
566,0,"Оперативная поддержка - помогаем разместить анкеты, быстро отвечаем на все вопросы."
597,0,Скрытые секреты ясного мышления
875,0,"Возможно мемуары, которые, по мнению многих, она писала, откроют многие секреты."
880,0,"В период, охватываемый исследованием, будет учитываться «фактор COVID-19», т.е. ограничение права собраний в публичном пространстве."
841,0,Это безопасно давать детали моей кредитной карты на Интернете?
450,0,"— Тебе больно, когда ты стоишь на камне?"
98,1,Вы также можете запросить копию полученной нами информации - такой запрос может быть сделан устно или с помощью электронных средств.
811,0,Подождите 10 минут до следующей работы.
66,1,"Вы можете думать о этой функции как встроенный стандарт, как современный автомобиль Кондиционер."
243,1,"Вы когда-нибудь задумывались, почему ваша компания растет так медленно?"
498,0,Как получить услугу в ЦОН(необходимые документы)
195,1,Вы положите на диете фруктов на пару дней или больше в зависимости от степени токсинов в организме.
935,0,"Из-за этого они обычно используются в качестве отраслевых стандартов, поскольку они обеспечивают более низкие результаты, которые обеспечивают более безопасную практику."
153,1,"Вы можете выбрать один совместимый с одним брендом оригинального пульта дистанционного управления, вы также можете выбрать один совместимый с несколькими брендами."
625,0,Все экспонаты действующие!
682,0,Из-за пандемии жюри изменило правила выплаты стипендий.
282,1,Вышеизложенные моменты — истинны.
321,1,"Вы хотите выполнить в лучшей из вашей способности в любом начинании спортивная(ый), поэтому вам нужно хорошо питаться."
506,0,"более того, сайт также не говоря уже о каком-либо давлении, чтобы закончить определенные предложения или попробовать продукты, которые могут привести к членам платить больше, чем они зарабатывают в завершении обследования."
142,1,Вы можете планировать все связанные с задачей.
361,1,"Вы знаете, чего хотите, но не знаете, как достичь этого?"
259,1,Вы можете найти продукт с самыми лучшими ценой и качеством здесь.
440,0,- для пустых журналов и оборудования
434,0,почему антиоксиданты хороши для вас
629,0,"— «Быстрая дорога» это конкретная поддержка и конкретные результаты, способствующие развитию цивилизации и технологическому скачку нашей страны."
429,1,— Вы с какой планеты?
824,0,Тренер может помочь вам построить новичков до продвинутых программы.
356,1,Вы можете создать свою учётную запись Google здесь
426,1,"обзоры онлайн, тестирование продукта, ежедневные обзоры, IT обследует - Вы называете это, они получили его."
604,0,"Чувствую, что кто-то там вред себе или другим с нежелательных желание защиты."
345,1,Вы можете даже не заметить два важных менопаузы симптомов:
872,0,"Ни для кого не секрет, что за последние 12 лет, многие западные дипломаты вели очень успешный бизнес в Косово и Метохии, что им принесло прибыль в несколько сотен миллионов долларов."
433,1,- Выбор меню с мясом и рыбой на обед и ужин
1062,0,"Вы не можете даже получить основные результаты, только минимальные выгоды."
702,0,"В конце концов, ты никогда не слишком мускулистый."
37,1,"Вы может начать с простой витамины, которые поддерживают здоровье и тело в трудной жизни стресс."
785,0,"Можно понять, что есть государства, где ссуды до зарплаты абсолютно незаконны."
854,0,"Многие из наиболее высокооплачиваемых предложений на самом деле являются “Платные предложения” Это означает, что вы должны дать вашей кредитной или дебетовой карты данные на испытательный срок."
228,1,Высокий уровень семейности предприятия сопровождается статистически более низкими расходами на инновационную деятельность.
698,0,"Результаты отображаются в трех разных единицах для выбора. (мг / л, PPM и%)"
1050,0,"Проголосуйте за диеты или тренировки, которые вы практикуете в настоящее время, или которые вы успешно практиковали в прошлом!"
633,0,Около ста университетов в Польше получили деньги на образовательные проекты
237,1,"Выборы были открытыми, прозрачными и полностью соответствовали нормам действующего законодательства и современной демократической практике."
775,0,"Только применение и выключаться в течение месяца не будет создавать какой-либо разницы, и тогда вы не будете пользоваться нашей или любой другой веб-сайт красоты."
35,1,"Вы должны знать, что в некоторых случаях, они не всегда могут быть очень эффективными."
424,1,8. Вы можете выбрать различные методы измерения (один раз и методы измерения для измерения времени);
173,1,"Вы удалили важную фотографию, документ, заметку с вашего устройства Android?"
676,0,"Устные и крем разнообразие гораздо сильнее, чем вы могли бы испытывали раньше."
152,1,"Уже сегодня Вы можете присоединиться к братии Десятинного монастыря, совершая ежедневную (по возможности в 21:00 по Киевскому времени) молитву о возрождении монастыря."
864,0,"Они оценят высоко ваш жест, как гордые владельцы одной 611 бутылок."
214,1,Вы нашли компанию для Вас? Лучше начать с этих обследований в настоящее время.
226,1,"Может быть в начале, Вы не чувствуете ничего, что меняется внутри вас, но верно, как время пройдет, Вы начнете чувствовать некоторую энергию в себе, которая не только приходит в вас, но и в вашем окружении, а также."
194,1,"Средние расходы, получающиеся при производстве и продаже пива в Германии, Вы увидите здесь hier."
780,0,"Поверните его, затем опустите левый конец кассеты с лентой; 4) Установите переднюю крышку принтера."
962,0,Программа началась с лекции «Этические аспекты медицинских экспериментов с участием людей».
69,1,"Вы имеете право на исправление и/или заполнение ваших личных данных, если они являются неточными или неполными."
1029,0,"Благодаря этим технологиям им удалось предсказать результаты президентских и парламентских выборов в 2011 и 2015 годах и проанализировать экономические, технологические и научные тенденции."
330,1,"Выберите альбом из следующего, чтобы увидеть фотогалерею!"
81,1,Вы любите природу.
853,0,"Для тех, кто начинает заниматься танцами – это идеальный способ быстрого и эффективного обучения, и прежде всего – исполнения свои мечты."
830,0,◉ «Хранители Сибири - Диксон. Забытые в Арктике» (2018)
97,1,"Вы делаете платеж, и товары отправляются вам немедленно."
32,1,Выберите наиболее подходящий для себя способ добраться до места и встретимся на одном из самых ожидаемых летних фестивалей.
982,0,"В беседе он также сообщил, что Министерство науки разрабатывает новые оценочные критерии."
176,1,"Однако, Вы должны быть осведомлены о осложнениях, вытекающих из серьезных заболеваний."
517,0,"(8) В любом случае, абсолютно запрещено блокировать пистолет и помещать другие предметы в ствол."
289,1,"Вы имеете право на бесплатное обновление и можете запросить новую лицензию через эту форму, если..."
258,1,Вы можете закончить 3 различные методы тестирования и не нужно заново подключить провода.
351,1,"Вы, как генеральный директор, тоже продаете?"
162,1,"Вы можете проконсультироваться ваш тренер, чтобы узнать лучших упражнений, которые отвечают вашим индивидуальным потребностям."
42,1,"Вы можете быть уверены, что она будет заряжать телефон, по крайней мере в два раза."
777,0,"Здорово видеть, что вы вновь привезли жёлтый шатёр в наш район."
39,1,"Вы хотите улучшить состояние вашей кожи, которая повреждена по возрасту или солнце?"
319,1,"Вы чувствуете, что это было бы добавить к новости?"
911,0,Мы открыты для ваших комментариев и оценок - и переехал VolumePills на вторую позицию в нашем рейтинге.
30,1,Вы можете подать Ваши документы максимум за 90 дней до планируемой даты поездки.
917,0,"Мы знаем, что транспортная доступность города является одним из важных аспектов, которые инвесторы учитывают при выборе местоположения для новых проектов."
718,0,"Кто знает, что вы даже можете обнаружить скрытые таланты?"
201,1,Вы не можете быть в состоянии должным образом осуществлять с напряженных мышц.
501,0,Да и посоветуйте больше уделять внимание процессу работы .
583,0,"У мужчин Виагра и Левитра среди других, какие варианты у женщин для сексуального повышения?"
922,0,"Согласно соглашению, Варшавская фондовая биржа будет распространять результаты исследований, достигнутые в результате своей образовательной деятельности."
927,0,"На самом деле, эти боеголовки закончены компоненты авиабомбы."
190,1,"Помимо регулярных обследований, которые регулярно доступны, Вы можете также выбрать «признак обследования» с доходами между $0.03-$0.10."
177,1,"Вы вероятно знаете, что мы имеем в виду, когда мы говорим о слушании - но большинство людей понятия не имеют непосредственной относительно того, какие потери слуха ."
180,1,"Вы можете оставить его на месте в течение 48 часов, чтобы позволить ей действовать и предотвращения беременности."
130,1,"Никаких ограничений во время занятий спортом и способность чётко видеть предметы, сразу после того, как Вы утром открыли глаза."
76,1,"Вы должны применять формулу состояния Изобилия, или у вас будут неприятности."
1016,0,"Члены и партнерские организации ООН, связанные с водной тематикой, а также другие эксперты, предоставляют в них последние знания в области управления водными ресурсами."
515,0,"19 августа они узнали, приняты ли они на учебу."
602,0,Снижение количества (уровня) дорожно-транспортных происшествий (на 10 тысяч единиц автотранспорта)
594,0,Вы женаты?
595,0,"30 июня 1987 года, после работы, я давал задний ход, выезжая со своего места на стоянке, и врезался в автомобиль моего друга Джо сзади."
443,0,- А если какие-то экспонаты надо снять или заменить?
552,0,Сколько раз клиент может сделать тест на бутылку жидкости Karl fischer?
521,0,регулируют редакционные конфликты интересов;
769,0,"Если эта огромная сила может вращить планеты всей солнечной системы, как это не поможет восстановить здоровье одного пациента?"
38,1,Вы можете удалить часть вашей татуировки или удалить его полностью.
415,1,Вы должны знать: 1) это генератор или мотор? 2) что такое емкость?
657,0,Как ухаживать за мои цветы?
957,0,"Следует учитывать, что в будущем эта эпидемия может повернуться в различные мутированные формы, — добавил Говин."
742,0,"Вот почему Сербия сейчас сталкивается с огромными потерями, которые насчитывают сотни миллионов евро."
9,1,Вы можете проверить обследования и предложение компании я рекомендую здесь.
420,1,"Заходите ТОЛЬКО, если Вы уже достигли 18 лет и принимаете наши правила cookie rules."
645,0,Любая идея начинается с мечты.
790,0,6.1 При выполнении наших Услуг мы обязуемся соблюдать применимые правовые положения для защиты и обработки данных.
729,0,"В конце, это может сделать их одним из ваших самых высоких платить сайты после ввода в то время, чтобы построить этот счет."
866,0,"Когда мы заглядываем в прошлое, это первый шаг к тому, чтобы открыть двери, — ибо все они заперты изнутри."
182,1,Вы можете спасти себя от головной боли каждые два месяца.
495,0,Ингредиенты BrainNeuroHealth
1018,0,"Предлагаем всем желающим принять участие в обсуждении аспектов Православной Педагогики, раскрытых в данных презентациях."
522,0,"Тогда вот вам список самый необычных и захватывающих дух спортивных развлечений Красноярска, которые могут стать вашим новым увлечением:)"
365,1,Вы не знаете как он используется?
454,0,"5, проблесковый свет для работы в темной среде"
315,1,"Вы не называете предмет, вы просто указываете на него."
410,1,"3.2.3 Вы заполняете регистрационную форму признает и соглашается с тем, что:"
660,0,"Хотя мы не проводили индивидуальный анализ каждого из этих инструментов (пока что), это наиболее часто используемые инструменты для полного или частичного (однодискового) восстановления RAID."
430,1,3.3.1 Вы не должны раскрывать свой логин и пароль посторонним лицам .
199,1,"Выяснить статус пациента «жив или мертв» удалось в 96,6±1,0% случаев."
141,1,"Выставка называется «Алиса в Стране наук» потому, что в действительности Страна наук — это и есть Страна чудес."
65,1,"Если Вы желаете получить оценку на бумажном носителе, к цене добавляется 10 евро."
561,0,"Вы один из тех, кто пытался голодать себя в течение недель или месяцев и чувствовал себя нездоровым и слабых и вероятно сердитый потом?"
362,1,Вы можете увидеть мой углубленный обзор и мою стратегию здесь *
1003,0,"«Поэтому нам важно, чтобы этот диалог был как можно более интенсивным, а встречи как можно более частыми, какими бы трудными ни были переговоры, важно что такая коммуникация существует."
56,1,Вы хотите быть в состоянии поддерживать форму и получить через осуществление не чувствуя усталость.
363,1,Вы женаты?
756,0,Некоторые пациенты просто хотят повысить внешний вид поэтому они применяются для лечения.
480,0,"Я видел, как ты терла свой член, пока я собиралась мой ДЗЕИ йога"
847,0,Другие тесты.
621,0,"С таким огромные джекпоты доступны бы глупо спрашивать, почему эти лотереи так трудно игнорировать."
406,1,(4) Вы заявили возражение против обработки Ваших персональных данных и мы рассматриваем это возражение.
711,0,"Он вмещает до 30 человек единовременно, до 1000 человек в день, а внешний показ смогут посмотреть 700 000 тысяч человек в день!"
111,1,Вы можете изменить свой образ жизни и начать с диеты.
706,0,"Есть много способов о том, как улучшить спортивные результаты, такие как:"
939,0,В настоящее время специалисты вносят некоторые изменения в конструкцию машины.
238,1,"Вы хотели бы создать сайт-визитку, интернет магазин или другой веб-сайт, но для начала Вам необходимы наши советы?"
174,1,"Вы должны быть осторожны, чтобы избежать ингредиенты, которые не рекомендуется или не дискредитируется для конкретного использования."
973,0,"Международный опыт позволяет совершенствовать методику работы с детьми и, безусловно, влияет на эффективность работы системы в целом."
937,0,Результаты конкурса будут объявлены 23 мая 2018 года во время «Зеленой недели Европейского Союза в Брюсселе».
844,0,Одним из самых интересных мест является Интерактивная презентация истории и традиции клуба..Фильм изображает только фрагменты всей коллекции экспонатов музея на Камп.
717,0,"Также, это не займет больше, чем пару минут для меня, чтобы быть дисквалифицирован, и пару раз, Я был дисквалифицирован так быстро, что получение 15 HIpoints для только 30 секунды работы были на самом деле лучше, возвращением на свое время, чем некоторые из исследований я законченные."
459,0,Групповуха - механики нужно больше платить за остальные работы...
108,1,"Это дорого стоило вам. Вы, наконец, добились успеха, согласилась она. На несколько ночей больше не пишите, вы ждете этого дня."
626,0,"Однако это гораздо меньше, чем студенты из Украины, которых в 2019 году было почти 40 000."
178,1,"Вы сможете избежать мошенников и другие вещи, как это."
713,0,"Посмотрите вокруг в своём окружении (на вашей улице, месте работы и т.д.) и найдите по крайней мере пятерых человек, которые этичны."
8,1,"Высокая доля, более 20 процентов неработающих кредитов угрожает финансовой стабильности не только Сербии, но и всего региона, который сильно пострадал от глобального экономического кризиса."
638,0,"Пожалуйста, посетите нашу страницу продукта, чтобы увидеть новые продукты..."
564,0,"Это результаты, которые у нас есть для вас!"
483,0,"— Что происходит, когда ты стоишь на камне?"
950,0,"Саммит проходит 20 лет спустя после первого ""Саммита Земли"" в Рио, когда страны обязались работать по предотвращению изменения климата, опустынивания и потери животных и растительных видов."
425,1,3. Вычитаем 2000 долларов из 12 000 и получаем 10 000 долларов.
822,0,"Напротив, он оставался среди своих, пастырски и юридически."
64,1,"Пожалуйста, обратите внимание, что, несмотря на то, что мы предпринимаем все необходимые меры для обеспечения безопасности Вашей информации, мы не обещаем, и Вы не должны ожидать гарантий, что Ваши данные всегда будет в безопасности."
309,1,"Так же Вы можете помочь, просто переведя какую-либо сумму на наш счет."
897,0,"Еженедельные, ежедневные и бессрочные квоты не подвержены этой ошибке."
192,1,С чего мне начать? Вы поможете мне купить первую машину?
743,0,Сделайте другие тесты.
679,0,"Менее чем каждый второй поляк заявляет, что знает изобретения, открытые их соотечественниками (43%)."
622,0,Абсолютные чемпионаты FIDS и танцевальные мастера.
487,0,"все «необычные» перевозки и услуги, от которых отказываются наши конкуренты — нам нравятся сложные задачи и мы сможем помочь!"
778,0,"Ее полезность была протестирована механики летательных аппаратов, фанаты велосипеде и не только."
1021,0,Атмосферные свойства нашей планеты в настоящее время являются одним из самых больших ограничений на использование этого метода добычи.
704,0,"Это тесты определяет, работает ли среднего уха как следует."
700,0,"Наш сервис представляет собой систему, позволяющую делать достаточно мощные и функциональные WAP-сайты прямо с Вашего мобильного телефона, причем совершенно БЕСПЛАТНО!"
7,1,"Вы не рекомендуется сделать печень очистить в случае если вы страдаете от некоторых заболеваний или состояний, которые могут быть негативно влияет процедуры, и всегда быть в курсе, что быстрая не является идеальным для всех."
918,0,Цель реформы — сделать польские университеты конкурентоспособными в Европе и в мире.
422,1,е) Вы должны иметь активную учетную запись электронной почты .
981,0,Она позволяет победителям осуществлять исследовательские проекты по своему выбору в сотрудничестве с коллегами из принимающей страны.
708,0,На эти цели университет получил 135 000 злотых из фондов ЕС.
1041,0,"Кроме того они улучшить спортивные результаты и помочь спортсменом, чтобы оправиться от травм легко."
431,1,3.К: Вы имеете опыт экспорта раньше?
902,0,"Министерство также подчеркнуло, что «Польская академия наук является очень важным элементом польской системы высшего образования и науки, поэтому все академическое сообщество должно участвовать в дебатах, которые должны оставаться открыты для различных концепций»."
914,0,"Это также полезно для защиты вашего мозга от повреждений во время сна, и содействие производительности во время интенсивной физической активности."
132,1,"При сохранении нового календаря, когда Вам будет предложено выбрать, хотите ли Вы принять уже существующий календарь, выберите ""Да""."
1006,0,"Вот уже более 20 лет мы проектируем и реализуем различные проекты в здравоохранении как в своей стране, так и за рубежом."
707,0,"Научите ребёнка рассказывать все приятные моменты, спрашивая его о том, как он ходил в зоопарк или купался."
343,1,Вы хотите сделать вашу сексуальную жизнь лучше?
95,1,Выборка преподавателей составила 60 человек.
1066,0,Нам доверяют тысячи специалистов по восстановлению данных!
741,0,"PrizeRebel является хорошим выбором, если вы кого-то, кто хочет варианты."
1026,0,Использование химических продуктов или хирургии будет иметь негативные результаты.
404,1,"(3) Вы возражаете против обработки Ваших личных данных и, если это не является прямым маркетингом, не существует более веских причин для дальнейшей обработки;"
209,1,Выставка «Восток. Деконструкция»
951,0,"Организаторы решили включить в спектр социальные вопросы, в том числе экологическое просвещение и правовые аспекты деятельности, связанной с улучшением качества воздуха."
578,0,Сегодня разговоры о Европе – не просто сказки и пустые обещания перед очередными выборами.
150,1,"Если вы покупаете $20 Groupon через них, Вы можете заработать $5 обратно через InboxDollars."
699,0,"Это потому, что товары были выдвинуты довольно агрессивно и занятых спам."
661,0,"250 тысяч программистов, работающих в Польше это четверть всех специалистов отрасли, занятых в странах Центральной и Восточной Европы."
632,0,"Одна треть британцев думаю грипп просто плохо простуду, но каждый год тысячи людей умирают от осложнений после гриппа."
610,0,Цветы приходят с вазой?
1031,0,"Если одно из значений существенно отличается от всех других, проверьте свои подключения и повторите тесты."
949,0,Вы должны также придерживаться диеты для максимальных результатов.
767,0,В наше время все хотят зарабатывать деньги онлайн в Украине.
303,1,"Вы можете использовать его, чтобы осветить рекламу, · Вы можете использовать, чтобы осветить сад, парк, наружные стены ."
764,0,"Удаляет тепло в четыре раза быстрее, чем традиционная инструментальная сталь"
772,0,"В эти дни есть кохлеарные имплантаты, и они были большие инновации для людей, которые имеют глухоту, но на самом деле это хорошая идея, чтобы заботиться о ваших ушах:"
86,1,Прочитайте «Вы можете быть правы»
231,1,"Вы можете способствовать вашей игры или принять вашу команду на следующий уровень, увеличивая производительность спорта."
2,1,"Вы должны быть на диете рекомендовано вашим врачом, в случае, если у вас диабет."
739,0,"Наиболее часто возникающие вопрос ли эти продукты HGH - все из них в равной степени - действительно помочь, и они способны сделать ситуацию еще хуже, не вызывая побочных эффектов?"
393,1,- Давайте еще поговорим про старые фильмы. Вы их будете оцифровывать?
958,0,"В настоящее время гаджеты имеют множество функций, к сожалению, это затраты на высокое потребление энергии."
154,1,Вы должны попробовать переключить упражнения раз в то время.
868,0,"Одним из самых интересных событий является «Краковский диктант», организованный уже в четвертый раз."
485,0,"« Если бы ты знала дар Божий... » (Ин 4,10)"
876,0,"Мы назвали эти комментарии и отчеты ""регуляторная информация'."
102,1,"Вы знаете, как важно белка, но некоторые люди находятся на специальных диетах, которые ограничивают их выбор."
512,0,"— Фонд им. Кульчика и Фонд UAM, который поддерживает весь процесс, предприняли шаги, чтобы обеспечить максимально короткое время выплаты стипендии."
842,0,"Мы нашли следующие варианты, которые дают вам с огромной выгоды:"
225,1,Вы можете прочитать больше об этом в более позднем разделе.
924,0,"Работы Римана гениальны: благодаря нему, мы по-другому думаем о многих математических понятиях."
971,0,"В конечном счете, сотрудничество будет охватывать многие уровни на региональном, национальном и международном уровнях."
294,1,Помните: Вы не может заменить ничего для вашего здоровья.
435,0,7 оргазмов за мой волосатый однажды утром хозяйка на 30 минут
19,1,"Вы будете принимать таблетки, другими словами."
221,1,"Вы можете сделать это, заботиться о вашем теле и ведущих здоровый образ жизни."
469,0,частоты пересечения физического лица и (или) перемещения им товаров через таможенную границу;
666,0,Стероиды работы и они работают очень быстро.
648,0,"И, конечно, не забывайте пользоваться ваши любимые продукты в позитивных, мирным способом!"
129,1,Вы никогда не должны следовать какой-либо диеты программы в период лактации.
380,1,Вы можете попробовать Toluna здесь:
479,0,Будут представлены практически все континенты…
551,0,Бутылка пожизненного использования (все еще требуется 5-летнее повторное использование)
598,0,Однако если вы не диеты в правильном направлении все эти усилия будут тщетными.
805,0,"— Мы наблюдаем за тем, что делают более продвинутые экономики, и мы участвуем в инициативе ЕС «Оцифровка европейской промышленности»."
490,0,"Сюда хочется возвращаться снова и снова, будто все хлопоты жизни остаются позади..."
427,1,5. Вы когда-нибудь продавались в любую страну?
499,0,"– Да, конечно, мы со своей стороны зачастую сами инициируем подобные визиты."
576,0,Выдержки из работы аль-Бухари с комментарием к необычным разделам
140,1,"Вы можете эффективно контролировать жировые отложения в вашем теле, тщательно выбирая правильный пищевые добавки."
527,0,"— Мы разрабатываем рекомендации для университетов, я определенно буду рекомендовать университетам приостановить обмены по программе Erasmus."
691,0,Он предлагает вам фактор защиты от солнца с высоким (ФГИ) 68.
761,0,"Допустим, что Шлефли хочет показать нам один из этих четырёхмерных многогранников."
816,0,"Целые цивилизации исчезают из-за недостатка логики у правителей, лидеров и простых людей."
62,1,"Вы не можете рассчитывать на то, что через несколько лет у вас будут предприниматели без изменений в области образования."
457,0,лифты всех типов;
664,0,"Но каждый раз, когда он пропускает непонятые слова, у него будут проблемы с тем, что он читает."
208,1,"Выявлены нарушения двигательной и эмоциональной активности (30, 60, 120 дней)."
473,0,8. Социальная личность стыдится своих проступков и с неохотой признаётся в них.
85,1,"Выберите профессиональное оборудование, чтобы убедиться, что эти устройства вас не разочаруют в трудных ситуациях."
1047,0,"Иногда врач попробовать различные антидепрессанты, прежде чем найти наиболее эффективное лекарство или комбинацию лекарств."
191,1,"Вы заглядываете в словарь и обнаруживаете, что «публика» обозначает «организованная группа людей или люди вообще»."
510,0,"Хотя все мужчины имеют DHT в их тела, не все будут испытывать потерю волос."
453,0,"А пляжи все полны Пленительнейших вдов, - Но стыдно снять штаны: Ведь я здесь с холодов."
731,0,"Поскольку эти постулаты ложны, психология не работает."
1025,0,"Специалисты Института по изучению культурного развития в прошлом году составили карту культурных ресурсов юго-восточной Сербии, которые могут быть использованы в целях развития культурного туризма."
673,0,3. Конструкция самого корпуса является необоснованной и имеет дефекты.
240,1,"Вы обнаружите, что люди ноют и жалуются по этому поводу."
858,0,"Теперь я вижу инструменты, которые у вас есть, чтобы изменить положение дел к лучшему, я, наконец, чувствую надежду, что впервые существуют решения, а не только проблемы."
278,1,-Высшее образование играет важную роль в формировании личности молодого человека во всех ее аспектах.
964,0,"После ратифицирования плана и его принятия начнется производство технической документации и урбанистского плана, что является наиболее требовательной частью работы."
301,1,Выбор хороших игрушек тоже имеет большое значение.
441,0,48 Монастырская и религиозная жизнь
384,1,"Вышли в финал, в котором потеряли 1: 4 с ФК Барселона."
476,0,"его контрастность выше, чем обычные продукты, прочные и долговечные."
963,0,Их выплаты начинаются с невероятно низким количеством $1.00 по проверке.
684,0,Вы найдете пениса упражнения очень простые и могли бы быть удивлены их результат.
196,1,Вы должны выбрать по крайней мере 1 единиц данного товара.
856,0,"В Испании и Греции половина молодой популяции не работает, а исходя из прогнозов, работы не будет ни в ближайшие пять лет."
235,1,"Вы также можете ограничить максимальное время процесса, чтобы избежать возможных дефектов."
601,0,Просто: уменьшите человеческую ошибку и обеспечьте точные и надежные результаты испытаний
57,1,"Вы можете использовать их в качестве примеров до того, как вы создадите собственные задания."
335,1,"Вызов скорой помощи, если вы или кто-то вокруг вас есть любой из следующих с аллергической реакции:"
46,1,"Вы можете легко идти прямо вперед, наблюдая за тем, что происходит вокруг."
821,0,"С насколько большим Amazon становится, Вы можете в значительной степени получить что-нибудь с подарочными картами вы зарабатываете просто принимать онлайн опросы."
688,0,У них было максимум три минуты для этого.
827,0,В нем можно будет наблюдать за пуском ракеты или увидеть Землю из космоса.
344,1,Вы можете запросить приглашение здесь
218,1,"Планируемое исследование будет сосредоточено на том, как трансграничное сотрудничество изменило приграничные территории стран Вышеградской группы с конца 1990-х по 2020 год."
116,1,"Вы можете поместить всех клиентов в одно правило, указав общее для них ограничение."
381,1,Вы это заслужили!
945,0,"Больше всего, вы можете рассчитывать на время, чтобы помочь залечить все раны."
41,1,Вы можете хранить оставшуюся смесь в холодильнике.
1060,0,Клиентам рекомендуется проверять стандарты местных стран.
268,1,"Вы можете причинить эту боль, делая тренировки, что вы не привыкли делать или делать деятельность дольше, чем вы привыкли."
10,1,Вы имеете следующие права по отношению к нам:
1070,0,"В 2015 году два сотрудничества формализуют совместные планы работы: работать в большей кооперации и более эффективно вместе в ряде областей, представляющих общий интерес."
213,1,Выставка «АгроФарм» продолжит свою работу 20 и 21 января и станет центром притяжения для посетителей со всей России.
710,0,"Нам нечего стыдиться, наоборот мы можем гордиться гражданами, армией, полицией."
667,0,Продвинутый пользователь может осуществлять шесть дней в неделю с одним днем выкл.
709,0,Мойте руки перед носить контактные линзы и тщательно их обрабатывать.
15,1,Вы сможете переместить восстановленные данные из этого места обратно в iDevice или в другое место в любое время после восстановления.
893,0,"Благодаря повышению сознания о важности защиты окружающей среды, инвестиции в возобновляемые источники энергии становятся все более выгодными."
627,0,"Свидетелей этих событий - тысячи, многие знают правду, но молчат."
849,0,"Пациентам, которые проходят Геморрой хирургии всегда испытывают боль в течение следующих недель."
474,0,Мамочки латина Шарон и Марибель нужно сделать после работы
119,1,Вы должны также улучшить вашу диету если вы хотите увеличить сексуальное желание.
223,1,"Вы заметите улучшение в его самочувствии по тому, что он говорит, и по тому, как он выглядит."
105,1,"Вы все равно должны присоединиться, как это важно, чтобы объединить несколько сайтов для максимального потенциала заработка."
815,0,"Таковы лишь некоторые из причин (помимо расходов, связанных с процедурой), которые могут убедить людей искать альтернативные варианты."
89,1,"Вывод из этого состоит в том, что этот powerbank может заряжать ваш телефон только один раз. Да, потому что это его функция."
88,1,"Страница, которую Вы ищите, была перемещена, переименована или временно недоступна."
467,0,"финансовые данные (только для фирм, предоставивших в БТПП годовые финансовые отчеты)."
266,1,Вы иногда испытываете страх?
72,1,"Вы можете выбирать из многих цветов, вы всегда можете соответствовать таким энергетическим банкам, например, обувь или сумочки."
652,0,"Организаторы, эксперты и участники первой программы Art + Design + Science сделали такую попытку."
1002,0,Анализ индекса реальной заработной платы показал отрицательные тенденции.
788,0,"Нет никакой магии и это не то, что может исчезнуть немедленно, но до тех пор, как вы пытаетесь трудно и окружающие вас люди поддержать вас, это можно получить отличные результаты."
722,0,"Вам не нужно покупать воск из магазина, но вы можете makeit с помощью нескольких простых компонентов, которые вы найдете в вашей кухне."
1015,0,"Мероприятие также включает семинары «Построение в образовании» и дебаты, в ходе которых участники попытаются ответить на вопрос: как изменится образование в Польше в XXI веке?"
905,0,"Согласно международной статистике, туристы-пациенты тратят в пять раз больше средств, чем другие гости."
389,1,Выходные под знаком любви — что может быть прекрасней!
940,0,"Их отчет, опубликованный под названием ""Дневник Анны Франк: критическое издание,"" насчитывает 719 страниц."
697,0,Все природные аппетит огнезащиты для потери веса на рынке сегодня работает немного по-разному.
900,0,"Вы не давая вашей кредитной карты на сайт опроса, который показывает вам бесплатное предложение, но на самом деле компаний, которые вы слышали раньше."
888,0,"Пациентом был 10-летний Куба, который четыре года назад пострадал от ошпаривания левого глаза гашеной известию."
557,0,"Здоровье было во многих отношениях, но основные маршруты, которые..."
758,0,"Вы будете иметь два способа оплаты – если вы зарегистрированы в PayPal - счет PayPal или если вас нет PayPal счета, пожалуйста, выберите нет счета PayPal?"
77,1,"При мытье посуды, Вы должны убедиться, что вода теплая."
987,0,"Научно-исследовательские работы Центра будут посвящены факторам, влияющим и прогнозирующим изменение климата."
71,1,Вы должны выбрать при покупке.
992,0,"«И как вы думаете производить сигареты в такой стране, как эта?», сразу же задали вопрос скептики ."
976,0,"Такие инструменты все чаще используются в экологических и эволюционных исследованиях, но ученые подчеркивают, что использование таких данных не подходит для всех исследовательских вопросов, и их использование в анализах должно проводиться с осторожностью."
124,1,"Вы потеряете ваше центральное зрение, когда у вас есть проблемы с макулярной дегенерации."
16,1,Выставка «С красотой в сердце»
23,1,"Вы пытаетесь ему что-то сказать: «Вы знаете, я думаю, что проект 342А — это довольно хороший проект, и я думаю, что мы должны его продолжать»."
665,0,"Пациенты, в основном женщины, были в возрасте от 30 до 50 лет."
550,0,"Нам все еще не хватает питы, питу и энергии."
861,0,Ваши деньги пойдут на развитие и расширение наших инновационных документов «Мифы/Факты».
1008,0,"Возьмите четвёртый лист бумаги и напишите, является ли производство основой морального духа или нет."
104,1,"Вы таким образом сообщаете медведю, что не запуганы."
244,1,"Вы спросите, что превращает Queen’s Winery House в столь особую эмоцию для всех, и почему им не терпится пережить ее снова?"
1037,0,"Специалисты-стоматологи, работающие в медицинских организациях негосударственной формы собственности, в настоящее время также не заинтересованы в присвоении квалификационных категорий."
620,0,"Для каждого месяца, Я хотел бы включить свои любимые сайты обследования."
878,0,"Существуют тысячи других различных процедур, но те, которые мы только что видели позволит вам строить мышцы быстрее."
592,0,"Поэтому когда вы получаете некоторые медицинские советы, что не помогло вам перед делать не отчаивайтесь и попробовать новые средства лечения храпа:"
447,0,— С богатым опытом ОДМ/ОЭМ.
12,1,"Высочайший уровень, которым сегодня обладают наши инженеры, надо сохранять и поддерживать."
852,0,Все ранения были получены во время локальных военных действий в республике Чечня в период с 1991 по 2000 гг. Результаты.
281,1,"Тогда это был Колхозный дом культуры, так как сама Выставка была сельскохозяйственная."
977,0,"Поскольку они являются FDA утвержденных и учился в клинических испытаниях, доказано, что они имеют долгосрочные положительные эффекты; Однако важно сделать тщательное исследование дополнения перед его добавлением к вашему режиму."
366,1,"Вы можете заставить себя, а у других - проблемы."
759,0,"С другой стороны, я был очень расстроен, когда, во время больших усилий, иногда я поднимался по довольно крутым холмам, когда я внезапно отключил mp3, никакой власти."
45,1,"Вы всегда должны признать, что вы принимаете."
156,1,Вы уверены?
61,1,Вы можете выиграть.
643,0,С джекпоты сделать одну слезу них фаворитом международного сообщества лотерей.
188,1,"Благодаря механизму этого шкафа Вы ясно увидите содержимое с любой стороны, так что можете быть уверены, что всегда найдёте нужную вещь или продукт."
127,1,"Выясните, где вы находитесь."
83,1,Вы можете легко лечить этот вторичной инфекции с ним.
721,0,"Но есть и те, кому важны архитектурные стили разных эпох, отдельные художественные элементы или декоративное искусство."
333,1,Вы хотите пойти в сноу-парк.
125,1,"Вы также можете настроить время, чтобы программа отображала лишь те файлы, которые были удалены за последние дни или недели."
74,1,"Выставку, представляющую идеи перспективных экологических и социальных решений, теперь можно полностью увидеть в Интернете."
442,0,"(на один год, включая проверки и визиты к доктору) 50 EUR"
877,0,"В прошлом году туристы в среднем тратили 271 евро на жилье, 132 евро на подарки и сувениры и 163 евро на развлечения."
285,1,"Выставка доказывает, что все вокруг нас есть или может быть математикой."
313,1,Возможно Вы найдёте там нужную Вам информацию.
54,1,"Вы чувствуете, что внутри них нуждается."
646,0,"Есть 56 призы они выдают каждый месяц, от наличных денег в подарочные карты."
647,0,Внутри админки подробная инструкция работы с сайтом.
371,1,"Вы все еще можете использовать что-то вроде, что это разные цвета для каждого дня."
804,0,"Пациенты, которые экспериментировали с добавками HGH объявить положительный эффект."
241,1,"Вы удивитесь тому, как много времени может на это уйти, но вы удивитесь и тому, как будет расти его уверенность."
525,0,"— В обществе только специалисты знают, что мир путевых машин — сложный и динамично развивающийся."
369,1,"Вы — первый человек, который вообще меня выслушал."
20,1,"Таким образом, чтобы получить больше денег от PaidViewpoint, Вы должны создать свой TraitScore, которые вы можете сделать каждый день, и это займет всего пару минут."
462,0,--Мы Обычно отправить пакет в течение 24 часов после оплаты
408,1,Вы найдете широкий выбор продукции .
370,1,"Вы вероятно слышали термин аппетит перед, но вы действительно знаете, что это значит?"
390,1,"Чем занимается Ваша фирма, это рекламный проект или он предназначен для продаж, что Вы хотите продавать и кому и т.д."
675,0,"Почти каждый десятый считает, что вирус вызван волнами 5G."
166,1,"Вы находитесь на пересечении путей из восточной и западной Европы, на юго-востоке старого континента, в центральной части Балканского полуострова."
719,0,"Это значит, что 60 процентов людей дали сходные ответы."
956,0,Голод действует как механизм защиты держать устойчивых энергетических уровней.
969,0,Польские студенты не получили так высоких мест с 1980-х годов.
147,1,"Вы хотите узнать, как увеличить интенсивность тренировки, но вы не хотите принимать ничего опасного, что вы положили в вашем теле."
484,0,Будут ли Цветы похожими на изображение на веб-сайте
383,1,"Возраст: Вы должны быть по крайней мере, 13 лет или старше, чтобы участвовать"
744,0,"Если кто-то в вашей семье уже страдает от диабета гарантирует, что вы получите частые осмотры."
239,1,"Вы не хотите глотать слишком много определенных ингредиентов, потому что они могут нанести вред вашему здоровью."
762,0,Вышеизложенные моменты — истинны.
504,0,"Я вижу, ты смотрел на мои трусики, пока я убирался"
491,0,"Пример функции: Для одной системы ворот, если вы хотите установить две карты"
867,0,"Выборы были открытыми, прозрачными и полностью соответствовали нормам действующего законодательства и современной демократической практике."
528,0,"2) Разрядник 10 кВ испытывается один раз в год, а требования к общей подстанции вводятся в эксплуатацию с 1 апреля по 30 ноября."
812,0,"Первый имеет побочные эффекты, и вторая — дорого."
511,0,"(3) Каждая пара электроизолированных ботинок должна быть упакована в бумажные мешки, полиэтиленовые пакеты или картонные коробки."
273,1,"Выполнение действий, к которым вы не привыкли, например, бег на большие расстояния, особенно если вы привыкли бегать только на короткое расстояние."
783,0,"Эксперты рекомендуют его лучшей тренировки рутины для тех, кто проводит супер-занят рабочее время каждый день."
1038,0,"Стандарты защиты, предлагаемые европейским законодательством потребителей, должны применяться в любом случае."
779,0,"«Те, кто говорит правду, будут распяты."
773,0,Наши рыбалка инструменты помогут вам.
520,0,Еще здесь были синие и желтые бочки.
677,0,Они просты в использовании и платить довольно хорошо.
919,0,"А после этого решите сами, следует ли вам обращать какое-либо внимание на газеты»."
211,1,Вы должны немедленно заняться этим общественным проектом».
392,1,"3.1 Вы можете выбрать учетную запись, при покупке товаров в интернет-магазине или открытия счета, без необходимости покупать товары ."
260,1,Вы внезапно можете проснуться из-за невыносимой боли в одном из ваших большими пальцами.
337,1,Выберите любой из этих потрясающих цветов спасибо и показать вашу признательность и благодарность этому важный человек!
186,1,Вы можете часто сталкиваются эректильной дисфункции упражнения в Интернете.
94,1,"Выставка в Брюсселе будет открыта до 10 июня, а до конца 2012 года эта экспозиция будет показана и в других европейских городах."
1065,0,"Все это является новым шансом для отечественной экономики, и чтобы как можно лучше использовать все эти возможности, необходимо увеличить конкурентоспособность, приняв европейские стандарты."
508,0,"– Контракты с мировыми брендами не так часты, как хотелось бы, в силу высокой конкуренции."
516,0,"Европейский союз - структуры, программы, проекты"
428,1,"3. Высокие уровни обслуживания клиента, заботы & поддержки"
347,1,"И наконец скажите ему: «Вы видите, что вы написали внизу этой страницы?"
99,1,Выгружен ли телефон?
1035,0,Все работы проводились в строгом соответствии с проектом 1954 года.
247,1,Вы будете чувствовать себя и выглядеть более молодой.
264,1,"Вы все равно получите тренировки,но есть небольшое влияние, которое будет получать на вашем пути исцеления."
573,0,LaneSisters кончил менее чем за 3 минуты!
934,0,Программа укрепляет позитивный имидж награжденных лиц и дает возможность установить новые деловые контакты.
327,1,Вы бы лично купить продукт?
1032,0,Результаты будут объявлены в мае 2021 года в Нидерландах.
826,0,"Мы разрабатываем и производим электронное оборудование, r & d услуги и предлагают консультации и советы, чтобы придать форму ваши проекты и идеи."
870,0,«Стандарты» были разработаны социальной группой экспертов по связям с общественностью.
1063,0,"Важно отметить, что доказательства более высокой частоты родов не были найдены во всех анализах; однако, это было обнаружено в общем мета-анализе."
1071,0,"Важно заметить, что юристы, принявшие участие в Legal Run 2015, сделали вклад не только в укрепление своего здоровья, но и в спасение жизней детей, являющихся подопечными благотворительного фонда «Подари жизнь»."
1052,0,"Это было бы в первую очередь связано с новым бюджетом и макроэкономическими течениями, учитывая, что ожидания экономического роста в этом году снижены."
291,1,Вы должны притворяться всем и себе.
543,0,Найти другие продукты для привлекают женщин!
562,0,Факты об Отчете Герштайна и Международном военном трибунале
346,1,Выбрать удобное расположение в отеле рядом
589,0,"— Дело в том, что проекты должны осуществляться консорциумом институтов, готовых реагировать на потребности бизнеса."
533,0,— Это сотрудничество охватывает несколько направлений.
5,1,"И как только вы приглашаете достаточное количество людей,, Вы можете стать “сообщество строитель”, так что вы получите 20% бонус каждый раз, когда ваши друзья зарабатывают деньги, не только тогда, когда они обналичить."
754,0,"Если вы в настоящее время Курение, убедитесь, что бросить курить сразу и оставить химикаты позади."
63,1,Выберите лучший материал от лучших поставщиков.
716,0,"Это редкая причина стресс натыкается на губах, но это может случиться, особенно для курящих мужчин."
220,1,"Если Вы сомневаетесь в своём выборе, посоветуйтесь с квалифицированными специалистами из „Baldita“."
637,0,"Так, начать их приоритетность в своем плане диеты и добавьте их в своем обеде особенно."
736,0,"Этот курс дал мне инструменты, чтобы справляться с ситуациями, которые раньше я и понятия не имел, как уладить."
96,1,"Отв Да. Вам необходимо предоставить подтверждение того, что Вы имеете медицинскую страховку на весь период запланированного пребывания в Шенгенской зоне.Сумма покрытия должна составлять, как минимум, 30 тысяч евро."
135,1,Вы будет чувствовать себя и выглядеть более молодой.
109,1,"Вы можете снизить риск развития проблем с бронхитом, хотя полной профилактики острого или хронического бронхита не всегда может быть возможным:"
883,0,"Это будет первый перевод работы китайского философа, опубликованный в серии «Библиотеки классиков философии PWN», которая публикуется с 1952 года."
972,0,Сайты наших клиентов выполнены с использованием самых современных технологий вкупе с нашими собственными программными разработками.
475,0,3. После трех-четырех процессов
996,0,"Включение граждан увеличивает возможности и объем наблюдения, что важно для лучшего понимания и защиты наиболее ценных территорий северо-восточной Польши."
782,0,"Она и сейчас вырабатывает энергию, но является и своего рода музеем."
985,0,"Работы могут быть предложениями по организационным решениям проблем города, инновационными проектами технического или технологического характера."
572,0,"Вот некоторые факты, которые каждый должен знать о Эбола:"
796,0,"Сегодня университеты в Азии наиболее успешны в обучении менеджеров (7 программ в десятке лучших), которые обычно работают в партнерстве с западными университетами."
910,0,"Проекты будут осуществляться в течение года, а в них будут включены частично и наиболее уязвимые слои населения местных общин."
735,0,"Результаты нашего опроса были столь же предсказуемым, — женщины и мужчины хотят секса одинаково часто — как они были заманчивые: большинство женщин хотят экспериментировать в постели и просто ждет вас спросить."
402,1,Выпечку готовят прямо на ваших глазах!
255,1,Вы можете заработать много денег на парковке.
607,0,Неспособность понять даже простые инструкции и следовать им
234,1,"Вы нервничаете, потому что вам снова нужно платить за таможенные пошлины."
1064,0,"Что касается процесса приватизации, изначально законодательные акты не обязывали государственные органы проверять происхождение капитала, поскольку цель заключалась в том, чтобы выполнить эту процедуру в кратчайшие сроки."
277,1,"Ну, это неправильно; Вы должны сосредоточиться на 100% на тренировках и 100% на питании."
352,1,"Первый, Вы хотите, чтобы рассмотреть то, что в нем для них."
828,0,"В этом году 12,5 тысяч студентов подали заявки на обучение в UWM."
553,0,"Самая большая группа – студенты из Испании (82 человека), Франции и Италии."
755,0,Толстые шеи (свыше 17 «примерно для мужчин и более чем 16» для женщин)
619,0,"– Когда мы выполняли наши первые контракты для Sharp, то столкнулись с крайне низким качеством металлообработки у нас в стране."
179,1,"Вы не можете даже получить основные результаты, только минимальные выгоды."
640,0,Вы легко можете добавить их в фруктовые салаты или просто вырезать их ломтиками.
545,0,Имеет возможность иметь другой марки / частоты и код каждой кнопки.
355,1,"Вы моете, ужинаете и ложитесь спать."
1012,0,"Проект направлен на то, чтобы сделать общинные биоэнергетические проекты более привлекательными для потенциальных заинтересованных сторон и способствовать развитию новых связей и партнерских отношений между международным биоэнергетическим сообществом."
377,1,"Вы один из тех, кто пытался голодать себя в течение недель или месяцев и чувствовал себя нездоровым и слабых и вероятно сердитый потом?"
801,0,"Если объект вращается в четырёхмерном пространстве — тень изменяется, и мы получаем представление об объекте, даже если мы его не видим!"
991,0,Политики должны отчитывается перед гражданами ежеквартально.
48,1,"Мы готовы пробовать новые формы развивающих занятий, и то, что происходит на Выставке, очень хорошо для наших детей!»"
306,1,"Вы можете съесть как король, полный тренировки каждый день, но если вы отдыхаете не хорошо на ночь, то вы будете нигде."
1033,0,"Хотя он заверил, что «образование по-прежнему является одним из наиболее важных аспектов сотрудничества между Польшей и Великобританией, и польские студенты будут неизменно приветствоваться в качестве членов сообщества британских университетов», принципы, на которых европейские студенты будут учиться в этой стране после 2020 года, остались неизвестны."
642,0,Были ли у вас недовольные клиенты?
324,1,Вы экономите деньги и время.
848,0,Монастырь очень сильно пострадал в советское время.
989,0,Такие проекты важны для развития туристических потенциалов в трансграничных зонах.
639,0,"Качество их диеты и образа жизни, в конечном счете то, что вы будете выгоду от, так что это делает большую разницу."
349,1,"Вы тип человека, который любит, чтобы быть уверенным."
944,0,"Воспитывая ребёнка, вы обязаны избегать того, чтобы посредством «дрессировки» превращать его в социальное животное."
685,0,Поэтому пиво считалось всегда чистым напитком.
318,1,"Вы платите за опросы TraitScore, но не много."
1019,0,"Учреждения, удостоенные награды HR Excellence, систематически оцениваются с точки зрения соблюдения стандартов, принятых Европейской комиссией."
915,0,Американский еженедельник «Тайм» в сентябре 1999 года включил Джинджича в число 14 ведущих европейских политиков третьего тысячелетия.
375,1,"Вы знаете, что ребёнок голоден и ему пора есть."
886,0,"Создатели карты заявляют, что предлагаемая поддержка будет продолжена, и база данных будет последовательно расширена, чтобы в дальнейшем включать новые контакты."
535,0,--Мы имеем богатый опыт в ОЭМ в течение многих лет.
547,0,Интересные сайты о Формуле 1:
720,0,"Ваши результаты, скорее всего, меняться, но я хотел бы поделиться им с вами в любом случае:"
750,0,–Зачем Вам понадобилось отдельно создавать металлообрабатывающее подразделение?
1053,0,Благодаря современной виртуальной исследовательской структуре польские ученые смогут выполнять проекты на самом высоком мировом уровне.
615,0,"Это подходящее время, чтобы начать с вашей здоровой фитнес процедур для достижения формы тела вашей мечты как можно скорее!"
251,1,"Вы полагали, что они строят дорогу."
229,1,"Вы не давая вашей кредитной карты на сайт опроса, который показывает вам бесплатное предложение, но на самом деле компаний, которые вы слышали раньше."
413,1,Где бы Вы ни находились и куда бы ни хотели попасть – мы доставим Вас туда!
14,1,"Вы заботитесь о безопасности вашего ребенка, поэтому вы должны купить действительно хорошее оборудование, такое как DOCA 13 000 мАч."
571,0,Сделайте краткое описание собственной шляпы и укажите её продукт (продукты).
1073,0,Лекарства: вы должны быть очень осторожны о ваших лекарств и их побочные эффекты.
930,0,"Секс терапевты говорят, что большинство проблем, которые их клиенты поговорить с ними о связаны с отсутствием сексуального желания."
806,0,"Эти отчеты дохода здесь, чтобы показать вам, где именно я делаю больше денег, и с которой обследовать участки."
50,1,"Вы любите музыку, слушать ее в течение нескольких часов."
40,1,"Вы можете выбрать банк питания, который на самом деле выражает вам."
49,1,Выбирайте и пользуйтесь нашими закрытыми меню для компаний.
1039,0,"Поэтому электрические кабели следует проверять в соответствии с требованиями, чтобы дефекты могли быть обнаружены вовремя."
1013,0,"QuickQuid понимает, что случаются неожиданные вещи, и день выплаты жалованья может оказаться слишком далеко, чтобы вы могли найти деньги, которые вам нужны сейчас."
55,1,"Вы можете увидеть, сколько каждый из них будет платить, и вы увидите, как долго они оцениваются принять."
834,0,"Первое, что мы хотели вам сказать — «устные HGH продукты не работают»."
295,1,Вы можете присоединиться к Kidz Глаза здесь:
261,1,Вы можете попытаться это дважды в неделю.
618,0,"— Мы верим, что летом 2021 года мы введем в эксплуатацию современный центр, спроектированный по лучшим стандартам, который будет учитывать потребности и ожидания пациентов."
986,0,"Вы может чувствовать разочарование, когда вы начинаете поиск надежных пениса расширения продукта как в настоящее время существуют различные имеющиеся варианты."
0,1,"Непосредственно Вами (напрямую или устно), когда Вы устанавливаете отношения с нами или создаете учетную запись, и посредством прямого или косвенного использования наших Услуг;"
478,0,Волосатый молодой французский студент жестко избили в гараже
923,0,"Совместные проекты будут касаться технологии, связанных с защитой климата."
505,0,", Этого недостаточно для обеспечения безопасной работы."
961,0,Акция «10 000 шагов к жизни» основана на материалах международного призыва «Рождены для движения» и рекомендации Всемирной организации здравоохранения проходить в день от 6 до 10 тысяч шагов для поддержания минимума физической активности человека.
464,0,• экспортные приоритеты России в мясной сфере;
1072,0,"В качестве ассоциированного Amazon, мы зарабатываем комиссию от квалификационных покупок."
701,0,"Особенно, когда сайты уже законны платить обследование предприятий."
121,1,"Если Вы затрудняетесь отнести Ваш проект к перечисленным вариантам - Вы можете связаться с нами в разделе ""Контакты""."
635,0,"Почти 11 миллионов — это субсидия ЕС, министерство здравоохранения выделило 6 миллионов злотых."
353,1,"Вы немного зол на себя, потому что я увидел объявление где-то powerbank, даже вы покупаете, но вы забыли."
524,0,«Мои родители женаты уже 35 лет.
752,0,"Первые результаты очень многообещающие », — говорит победитель."
287,1,Вы должны контролировать свой аппетит для достижения каких-либо ощутимой разницы в ваших усилиях потери веса .
1001,0,"Такой личный подход не слишком повлияет на окончательные результаты, но он важен для контактов с общественностью."
916,0,"Большинство из них не похожи на известные в Солнечной системе планеты, но у них есть одна общая черта — они вращаются вокруг звезды."
336,1,Выдвижение кандидатур Совет составил список кандидатов на выборы 30 марта.
170,1,"Вы хотите убедиться, что ваши связки укрепляются на их собственных и способны предложить поддержку."
596,0,"Самые простые вещи нужно раскрашивать в цвета, чтобы они ожили!"
328,1,"Вы можете прочитать первую статью в этот раздел и Узнайте, как для лечения ожирения."
725,0,Он-лайн кредиты не всегда являются наименее дорогим вариантом кредита для вас.
606,0,"Их сайт даже выкладывал точно так же, так что вам не нужно, чтобы узнать что-нибудь новое, чтобы начать зарабатывать деньги с отправляющих заработком."
588,0,Такие проекты — глобальный позитив!
80,1,"Вы можете почувствовать, что он принимает дополнительные усилия для перемещения руки, ноги или мышц по всему телу для выполнения работы."
460,0,"— Тесты работают так же, как тесты на беременность."
975,0,Различные технические показатели превосходят отраслевые стандарты.
984,0,"Кроме того, эксперты считают, что соответствующие учреждения в ближайшем времени должны принять надлежащие меры для обеспечения долгосрочной стабильности обменного курса, так как любое ослабление динара влияет на рост государственного долга."
151,1,"Высокоинтенсивные интервальные тренировки рекомендуются всем тем, кто страдает от некоторых проблем, связанных со здоровьем сердца."
859,0,"Здесь все пользователи F-Droid, обсуждающие клиент или серверные инструменты, могут помочь друг другу."
585,0,"Потому что мы знаем, что даже самые лучшие продукты хороши настолько, насколько хороши люди, которые за ними стоят."
968,0,"Четвертый месяц: Те же, но более последовательные улучшения, как указано выше."
514,0,Они не выплаты наличными
570,0,(Наши продукты экспортированы к развитым странам в Европе андАмерикадиректлы или косвенно.
358,1,"3.3 Вы понимаете, что на Вас лежит вся ответственность за предоставляемую Вами информацию."
399,1,Вы можете легко повернуть 360 градусов на оси
257,1,Вы провели много времени на ВДНХ — удалось привыкнуть к контрастам Выставки?
118,1,Вы должны начать с разговора о вашем ненужном волосы на лице с вашим врачом.
200,1,"Вы также получите $5 просто для подписания, которая является большим бонусом."
400,1,Выход конструирован специфически для рынков американца и Канады и полно уступчив к стандартам США & КА
110,1,Вы собираетесь в поход? Нравится ли вам велосипеде и использование навигации?
941,0,"Эти цели будут достигнуты путем интеграции и оптимизации управления электроэнергией, теплом и отходами."
332,1,"Вы наверняка найдете нечто особенное и другой, который будет удивить его."
715,0,Эти препараты - Protopic и Elidel - производятся в виде кремов для кожи.
560,0,Я думал: вот чуть-чуть - и будем мы на «ты».
288,1,"Вы не должны душ или промыть влагалище, по крайней мере от 6 до 8 часов после полового акта."
249,1,"Вы, скорее всего, получить один из этих вирусов, если вырезать или повредить кожу в некотором роде."
1042,0,Фрукты и овощи должны занять первое место в вашем меню.
544,0,"Что ж, Я здесь, чтобы помочь вам ответить на эти вопросы, наряду с предоставлением вам мой топ 3 любимые сайты для зарабатывания денег с платными предложениями."
534,0,Стране всегда нужны талантливые конструкторы и космонавты!
531,0,"Их сайты выкладываются точно так же,, и они выплаты так же, как хорошо."
539,0,"--Мы Принимаем кредитные карты и Paypal, как payment.It является безопасным для вас."
165,1,"После того, как вы там, Вы получаете их максимальное количество обследований, наряду с платите больше за каждый клик."
405,1,4. Как пользователь Вы соглашаетесь не оскорблять или нарушать какую-либо тренировку.
734,0,"Эти выплаты являются практически мгновенно, что редко, поскольку большинство сайтов принимают по крайней мере день или около того, чтобы получить вам ваши деньги и некоторые идут так далеко, как принимать недель по почте чек!"
687,0,"Одежда исчезают проблемы сегодня, малые поделиться некоторые способы для предотвращения работы одежду затухания:"
224,1,Вы нуждаетесь много света?
749,0,"Это главная причина, почему до сих пор не были реализованы некоторые старые проекты."
414,1,"3.3.4 Вы должны изменить свой пароль на регулярной основе,"
846,0,Отказались от своей мечты?
820,0,"Даже несмотря на то, что они не могут гарантировать 100% эффективности, защиты от вируса гриппа, предоставляемый прививки от гриппа очень хорошо."
978,0,"Цель состоит в том, чтобы увеличить пропускную способность и улучшить качество государственного управления на всех уровнях в связи с корректирующими действиями, указанными в плане защиты воздуха (POP)."
965,0,Предприятия своевременно и в полном объеме проводят оплату государственных пошлин и платежей в бюджеты за возможное воздействие на окружающую среду.
798,0,Вы иногда испытываете страх?
1000,0,"Два внутренних сетчатых кармана подойдут вашему кошельку или документам, предотвращая их кражу или потерю."
436,0,- все инструменты можно вытащить одной рукой
43,1,"Вы зарегистрированы в системе, но ваш e-mail пока не активирован."
674,0,"Бутылки с этим знаком создают дружеские отношения, заставляют людей улыбаться и мечтать."
663,0,Вечно любят все для упрощенной красоты и цвета.
34,1,"Вы можете иметь в завтрак или в качестве вечерней закуски, а также."
582,0,"В первом, студенты (индивидуально или в группах до 5 человек) отправляют свои бизнес-идеи, заполняя онлайн-форму."
696,0,Могу ли я отправлять цветы в воскресенье и в праздничные дни?
581,0,Какой план диеты я должен выбрать?
299,1,Q: Вы обеспечиваете образцы? он свободно или дополнительные?
672,0,"Питание здорового питания, как фрукты и овощи могут помочь вам тоже."
920,0,"Доступен в нескольких размерах, они также являются экологически чистыми, чтобы помочь защитить наши рыболовства."
164,1,"Вы должны быть очень осторожны при использовании свинца, и она должна быть полностью герметична внутри автомобиля, если вы решите использовать его."
659,0,"Это то, что вы не видите часто, и это отличная возможность для тех, кто хочет использовать их выплаты быстро."
317,1,"Вы не можете выдать лучшее решение, не сделав ряд ошибок и не потратившись на это."
1067,0,В то время многие священники из сербских монастырей приехали в Россию за помощью и поддержкой.
781,0,"Вам вероятно нужно последующие визиты после каждого лечения и собираетесь нужен специалист для получения лечения, каждый раз."
158,1,"Вы обнаружите, что этот процесс будет приносить результаты тогда, когда другие будут безуспешны."
771,0,"Помните, что потеря веса не о том, как быстро вы можете падение сверхнормальные фунты, но держать его как только вы достигли идеального веса."
310,1,"L Выбирайте текущий диапазон правильно, и текущий диапазон обычно не превышает 220% от рейтинга;"
215,1,Выборы прошли онлайн во время 79-го заседания правления.
936,0,Результаты. Были определены 11 предикторных переменных.
1007,0,"Это пятый срок полномочий этого консультативно-совещательного органа министра, ответственного за управление водными ресурсами."
907,0,Человеку с чистым сердцем невозможно причинить боль.
107,1,"Вы может выбрать практиковать самостоятельно на первый, а затем обсудить его с вашим партнером и попросите их, чтобы помочь вам преодолеть эту проблему и использовать метод start-stop вместе."
161,1,"Если Ваши личные данные обрабатываются с целью прямого маркетинга, Вы имеете право в любое время возразить."
423,1,3.11 Вы также обязуетесь
901,0,Мы долгосрочные таможенные агенты. Доверьтесь нам и нашему опыту.
681,0,"Есть четыре различных игр для яслей и детских садов, включая:"
292,1,"Вы никогда не знаете, что мы можем столкнуться на пути."
738,0,"Если вы живёте на правом берегу, то удобнее всего будет заехать на машине через четвёртый мост к школе № 73."
1040,0,"Если результаты будут удовлетворительными, молодые ученые продолжат исследования на живых организмах."
614,0,"Это не хороший возврат, даже для работы с моего компьютера из дома."
342,1,Вы хотите какое-то время создать блог и создать большую сумму денег.
831,0,Также в честь Всемирного дня защиты водных ресурсов все выходные юные фермеры будут изучать эту тему.
906,0,"С каждым годом, наполняя ВДНХ новым содержанием, мы предоставляем новые возможности для форума «Открытые инновации»."
507,0,Бой со смертью - три минуты!»
227,1,Вы можете зарабатывать деньги с CashCrate?
873,0,"Это позволяет получить сильнее, получить быстрые результаты, на самом деле не нужно беспокоиться так много о то, что вы едите."
123,1,"Вы убедились в том, что ваши данные защищены?"
385,1,"Только представьте: Вы в незнакомом городе, но чувствуете себя как дома."
466,0,Четыре горячих молодых синглов Майами разделить дом на выходные
25,1,"Будем рады, если Вы подготовите CV вместе с мотивационным письмом."
339,1,"С так же мало, как $1 в вашем аккаунте, Вы уже можете запросить чек и не платят в долларах США, независимо от того, где вы находитесь."
608,0,Монорельс для Люксембурга — K+K представляет результаты изучения вариантов
181,1,В приложении BioLoc можно сообщать о трех типах наблюдений за природой: Вы нашли мертвое животное?
1,1,Выставка ARCHIMEDES в Москве является одним из крупнейших и самых известных мероприятий такого типа в мире.
542,0,Бесплатные дополнительные инструменты для вашего хранилища
650,0,"Естественно, за год-полтора все вложения можно отбить — пока не появились конкуренты."
904,0,"Мы прилагаем все усилия для защиты информации, которую вы предоставляете, и существуют различные процедуры безопасности, которые были введены в действие, как изложено в этой политике."
374,1,Вы на правильном пути!
895,0,ПРИМЕЧАНИЕ. бассейн и спортивный центр закрыты каждое воскресенье августа.
792,0,"Если вы хотите сайт, где вам не придется ждать выплаты, PrizeRebel является хорошим выбором для вас."
159,1,"Вы можете принять шаги для предотвращения дальнейших глухота, если вы знаете, что вы потеряли некоторые из вашего слуха уже."
439,0,почему некоторые люди не могут реализовать свои мечты;
26,1,"Выздоровление обычно наступает быстро (как правило, после трех или четырех дней), но у некоторых людей развиваются осложнения."
269,1,"Это то, что поможет вам сэкономить много потерянного времени, как вы двигаться вперед и будет также сеть Вы немного денег, чтобы начать процесс."
580,0,–Это были разовые контракты или сотрудничество стало постоянным?
690,0,Без надлежащей защиты против эти болезнетворные агенты мы просто не иметь любые шансы на выживание.
1034,0,"Хотя это обещание не было выполнено, ожидается, что на саммите будут приняты документы, чтобы определить и реализовать меры по ликвидации многих экологических проблем, влияющих на нашу планету."
396,1,"Вы не получите инфаркт, Вам не попасть в больницу!»"
740,0,"Четвертый месяц: То же, но более последовательного улучшения, как указано выше."
1004,0,"Если вы собираетесь использовать таблетки, которые обещают заблокировать жиры и углеводы, мы рекомендуем вам попробовать эти проверенные продукты:"
187,1,"Вы получаете социальные, а также психические выгоды от физической активности."
1077,0,"Но, конечно, он также подходит для женщин, которые могут обрабатывать вес широкие и длинные мужские цепочку принести."
568,0,Карьера в регионе — студенты встречаются с предприятиями
148,1,Вы тихонько поворачиваетесь к другой стороне и возвращаетесь к своему прерывированному сну.
651,0,Независимо от вида работы ваш пакет.
51,1,Вы посоветовали держаться подальше от них.
252,1,Вы пытаетесь сделать некоторые дополнительные деньги каждый месяц?
136,1,"Сегодня Выставка возвращает свои лидирующие позиции, особенно это касается продвижения наших национальных интересов."
93,1,"Вы можете получить многочисленные вступив, но иметь в виду, что вы не всегда может быть квалифицировано принимать все те."
837,0,"MEDMOTION будет внедрен в 30 больницах Польши и 4,5 тысячи пациентов получат от него пользу."
839,0,Ее поддержал министр труда и социальной защиты Максим Топилин:
770,0,Более 50% всех мужчин США испытывают потерю волос.
122,1,"Вы найдете бесчисленное множество продуктов, которые утверждают восстановить диспропорций внутри вашего тела и увеличить ваш метаболизм."
1009,0,"В частности, он может выявить эти опасные дефекты с большой концентрацией."
387,1,"Вы встретили симпатичную девушку, вы давно знаете меня."
418,1,Выбрать другой автомобиль из этого класса
452,0,"Но кибернетический гид мой Настолько буквально меня перевёл, Что мне за себя стало стыдно."
865,0,В ходе общения были достигнуты предварительные договоренности о дальнейшем сотрудничестве.
556,0,"На случай, если у вас есть новые листья SPEARMINT, использовать четыре или пять из них."
860,0,"Еще одна проблема заключается, что даже если некоторые из них работают, многие из них не обеспечивают постоянные результаты."
794,0,"Список не был бы удивлен, которые контролируют большой джек-пот лотереи, поскольку большие джекпоты по всему миру в этом полный список."
272,1,"Вы не можете быть знать об этом, но вы можете сделать эрекцию тяжелее это несколькими способами."
1054,0,Художник может заболеть или отказаться от своей работы.
768,0,Могу ли я доверять этим компаниям с моей кредитной карты?
843,0,"Условия: должны быть хорошо известны, например, PEN и т. Д., Измеренные результаты измеряются и известны сопротивлению и."
401,1,Вы не можете начинать темы
879,0,Она требует особой заботы о безопасности и соблюдении принципов охраны окружающей среды.
518,0,"Если вы хотите, чтобы начать зарабатывать деньги прямо сейчас:"
1027,0,Программы по льготному съемному протезированию на имплантатах имеют право на существование и должны активно разрабатываться и применяться на практике.
726,0,"Он полагает, что все его болезни настоящие, потому что они описаны в таких толстых книгах!"
946,0,"Демократическая партия выразила обеспокоенность в том, что национальное руководство скрывает от общественности все факты, озвученные в ходе переговоров."
284,1,Вы устали глаза при просмотре телевизора долгого времени?
662,0,2.Осуществление защиты внутреннего рынка труда при привлечении иностранной рабочей силы.
933,0,"-С самого начала работы над Конституцией науки я подчеркивал, что этот акт должен расширить автономию университета, что и произошло."
913,0,Победители 180 дней с даты привлечь требовать свой выигрыш в противном случае будут потеряны навсегда.
373,1,Выдержки из работы аль-Бухари с комментарием к необычным разделам
302,1,"После испытания, Вы не уверены в покупке."
705,0,"Попробуйте начать с простых мер, чтобы посмотреть сработают ли они для вас."
149,1,Вы заинтересованы в сотрудничестве вместе?
419,1,"Отв Да, Вы должны предоставить ВСЕ паспорта (даже те, срок действия которых уже закончился)."
497,0,придерживаются общепринятых стандартов научной отчетности;
204,1,"Выберите ""Apple Mail"" в качестве типа данных"
207,1,"Вы может чувствовать разочарование, когда вы начинаете поиск надежных пениса расширения продукта как в настоящее время существуют различные имеющиеся варианты."
932,0,Не существует абсолютной правоты или абсолютной неправоты.
695,0,"Смотрите наш полный список все букеты цветов, готовы быть доставлены."
809,0,"С низким 200 порог точки, вы могли бы заработать свой первый Amazon подарочные карты от премии Rebel сегодня всего лишь немного времени инвестированный."
451,0,... хочешь лучше ориентироваться среди тысяч продуктов?
959,0,"Использование рабочей силы в Центральной и Восточной Европе» объясняет, как институты рынка труда могут увеличить использование трудовых ресурсов, показывает, каким странам удалось создать институциональную основу для рынка труда, благоприятно влияющую на использование рабочей силы, и как реформировать институты в восточной части Европы, чтобы увеличить использование трудовых ресурсов."
954,0,"Мы часто добавляем новые форматы, основываясь на запросах пользователей."
577,0,"Вы не можете решить, какой тип или цвет цветы вам нравится больше всего?"
670,0,Хотите увидеть мои конкретные результаты опроса?
931,0,"Поскольку Pfizer официально представила первый Виагра, это было почти невозможно смотреть телевизор без все эти объявления для мужчин препараты, предназначенные для повышения сексуальной жизни человека."
654,0,"Очевидные дефекты, такие как повреждения"
1061,0,"Члены подразделения «Памятники мужчинам», вам удастся сохранить эти работы?"
823,0,"Компоненты, системы и решения для железнодорожной техники"
138,1,"Вы должны заботиться, что ваш стебли не слишком длинным или слишком тяжелым по отношению к длине и весу дротик баррелей."
955,0,"В 2018 году пять проектов были выдвинуты на премию «За научные достижения, которые позволили лучше понять мир, людей и культуры»."
421,1,"Вы пытаетесь разные лекарства, но и боятся волос..."
766,0,Испытывают проблемы с вперед и назад дискуссий.
73,1,"Вы обнаружите, что два факта не согласуются друг с другом — они противоречат друг другу, их нельзя понять."
84,1,Вы должны быть в состоянии чувствовать покалывание чувство начала.
60,1,Вы можете увеличить риск кашель с использованием угля для приготовления пищи или Отопление или работают в районах высокого загрязнения.
786,0,"В мире немного мест, которые могут похвастаться тем, что существуют больше 7 тысяч лет."
465,0,Аналогичные объекты в размерности 4 (или более!)
298,1,"Вы можете встать несколько раз за ночь, чтобы пойти в ванную."
845,0,"Отрицательное одновременное заземление устанавливается на «Да», «Нет» во время нормальной работы, а затем повторно обнаруживается."
983,0,"День за ночь эффект, в результате чего фильм, снятый в дневное время выглядит, как будто он был расстрелян в ночное время."
494,0,(подробнее см. здесь «Проекты на 2010 год»)
131,1,Вы регистрируетесь количество километров?
590,0,Не приобретайте билеты в неустановленных местах!
653,0,"Когда вы занятый человек, вы часто не знаете, что телефон для современного молодого человека много значит."
724,0,"От вас требуется опыт работы, желание карьерного роста и хорошее настроение!"
29,1,Вы должны знать ваше тело и механизм его работы.
172,1,"Вы слышали некоторые весьма абсурдные споры, которые затевались в толпе."
599,0,Мы побывали в сотнях красивых мест и сделали тысячу разных фотографий!
338,1,Вы готовы Развивайте свой бизнес с Reshine LED Display?
248,1,Вы не можете посетить текущую страницу по причине:
206,1,"Вы должны знать некоторые правила, согласно которым вы сможете найти лечение акне природного или растительного происхождения."
800,0,Цена базового развертывания для 5 пользователей начинается всего от 15 долл. США в месяц на пользователя.
760,0,"Но это всегда удобно иметь в виду, что все линии и морщины на нескольких участках тела не только результаты старения, вызванных загрязнением воздуха и других экологических проблем."
388,1,"Выезд из отеля… а можно остаться еще на несколько дней, чтобы насладиться отдыхом."
203,1,"Выберите компанию, которая была в бизнесе в течение по крайней мере 2 лет, один, который поддерживает свою продукцию путем клинических исследований и медицинских подтверждений и один, что гарантирует Ваше удовлетворение гарантия возврата денег."
456,0,"в США добровольно посвящают своё время, таланты и энергию помощи другим каждый год"
458,0,6. К: Что путь оплаты приемлем?
630,0,"Мы хотим, чтобы наши клиенты были счастливыми обладателями этих устройств ."
793,0,За 2013 год мы действительно вместе неплохо поработали и достигнутые результаты это подтверждают.
835,0,"Если вы человек, которому предстоит много работы, вы, вероятно, столкнулись с ситуацией, когда телефон был выгружен, и нужно было сделать несколько вещей."
168,1,"Вы можете быть в состоянии использовать эту информацию, чтобы помочь выяснить, что вызывает их."
193,1,"Вы чувствуете, как будто ваши ноги стали неустойчивыми."
189,1,"Вы не будете получать ""спам"" из-за посещения этого сайта."
449,0,"3. Высокие уровни обслуживания клиента, заботы & поддержки"
90,1,Вы можете начать путем говорить с вашим стоматологом.
549,0,"Когда-то давно охотники, трекеры и даже солдаты не носили спальных мешков."
87,1,"Вы удивитесь, какой вместительной и функциональной может быть Ваша кухня, если Вы разумно используете все, даже самые узкие пространства шкафчиков."
432,1,Вы должны это - ПРОФЕССИОНАЛЬНАЯ светодиодная лампа теперь в новой цене!!
417,1,6. Вы можете сохранить 8000 наборов тестовых данных и через интерфейс USB;
79,1,Выставка охранных технологий и систем.
364,1,Мы благодарны нашим гостям за поддержку и любовь к Выставке!
296,1,"Выясните, кто вы есть на самом деле."
360,1,"Выполните эти два шага, чтобы загрузить мой гид"
326,1,Вы не можете приказать ему подстричь газон и потом считать это вкладом.
155,1,"Вы можете ожидать, чтобы получить от двух до четырех обследований в месяц."
314,1,"Выход, голос и верность."
323,1,"Вы пошли спать, вы просыпаетесь утром, и вы не можете запустить машину."
403,1,-Вы имеете право чувствовать гордость и удовлетворение.
558,0,"— Я считаю, что мы должны сделать как можно больше, чтобы преобразовать нашу экономику в циркулярную экономику, в которой одни и те же продукты используются неоднократно."
817,0,"Соединенные Штаты, и многие другие страны, выдал уровень 3 Внимание для всех претенциозных народов."
584,0,3 Мировой ведущий метод тестирования делает сложное обнаружение неисправностей очень простым.
286,1,"Вы будете иметь два способа оплаты – если вы зарегистрированы в PayPal - счет PayPal или если вас нет PayPal счета, пожалуйста, выберите нет счета PayPal?"
540,0,"- Исследования были настолько разными, что мы не могли объединить их результаты, чтобы ответить на наш вопрос."
488,0,"· Держите свои ноги сухими, теплыми и безопасными во время работы."
784,0,"Для начала напомним, как оформляется очередь в государственный детский сад и когда уже можно подавать документы."
613,0,Все порно звездное небо и артисты считаются взрослыми на день съемки.
898,0,Все последующие главы в основном объясненяют маленькие сегменты этой терапии.
1056,0,"Вам будет не только получить практические советы, но будет получать удовольствие от общения и найти новых друзей."
605,0,"После нее у тебя уже есть референс, и можно говорить, что ты на этом рынке работал с тем-то и с тем-то."
693,0,"Я получил мой PayPal выплаты меньше, чем 30 минут."
334,1,"Вы просто забыли потреблять жидкости, когда вы чувствуете боль."
348,1,Вы не просто называете формулу.
128,1,"Вы можете осуществлять поиск по всему интернету для того, что вид профиля они принимают, но это не поможет."
202,1,"Если вы не будете удовлетворены нашим ответом, Вы можете обратиться в Федеральную службу по защите данных и информации Швейцария."
283,1,Выбранные бизнес-свойства для каждого использования
862,0,"Тебе нужно $25 заработал обналичить, так примерно три исследования будут охватывать, что."
242,1,Установка колеса и организация парка развлечений не затронет историческую зону Выставки.
668,0,Многие журналисты приехали с детьми: группа состояла из 13 взрослых и 6 малышей.
6,1,"Вы поступаете по отношению к нему так же, как это делали по отношению к вам, независимо от того, что вы думаете по этому поводу."
438,0,"тем не мение, они не предлагают наличные деньги, like some of мои другие сайты любимых обследований делать."
232,1,Вы хотели бы уча ствовать в таком проекте?
833,0,"В конце концов, все имплантаты сломается."
802,0,"Одно следует набраться терпения для этого, изучить проблему и будьте готовы сделать эксперименты."
994,0,Эксперты IBM окажут существенную поддержку в изменении существующих программ обучения и участии практиков в создании нового образовательного предложения.
727,0,Это часто будет только запутывать его.
233,1,"И последний ключевой момент: Вы должны потреблять достаточно белка, чтобы построить мышцы быстрее."
262,1,"Вы все равно должны быть осторожны, потому что если вы растянуть слишком много, вы потенциально можете причинить еще больший ущерб вашему телу."
874,0,Обычно его следует носить от двух часов в день на все-night-долго за четыре недели или более.
869,0,"Этот тип файла может быть помещен в специальную папку пакеты или ""Мои документы"" при прохождении игры из Electronic Arts."
1048,0,"В то время как ЕС таким образом стимулирует рост собственной экономики, другие ведущие экономики мира принимают меры по поддержанию стабильности национальной валюты."
157,1,"Вы можете быть уверены, когда вы разместите заказ у нас, ваша гарантия удовлетворения всегда включена."
509,0,"(6) Трубы, вакуумные резервуары и другие компоненты должны быть изолированы во время зимних операций."
382,1,Вы когда-нибудь такая ситуация?
1010,0,Предварительно изомеризованные продукты разрабатывались с начала 60-ых годов для повышения степени эффективности.
197,1,"Вы не должны забывать, что иногда возникают трудности в обоих полов."
253,1,"Вы найдете, что есть много способов, чтобы поднять настроение, так что вы можете наслаждаться всем, что приносит жизнь."
175,1,Вы можете увеличить ваши силы и получить быстрые результаты в течение 30 дней.
541,0,"— Поскольку мы делаем устройство целиком, нам приходится проводить достаточно серьёзные оптические расчёты."
